brand,breadcrumbs,colour,description,image_url,price,product_id,product_name,reviews,sizes,sku
,,,,//carbon38.com/cdn/shop/files/CARB-YD578-WHT-24HOL-Tennis-Pearl-Sweater-color-White_1081-Edit.jpg?v=1733274602&width=1000,,,Tennis Cardigan Sweater,,,
,,,,//carbon38.com/cdn/shop/files/CARB-YD6133-GREY-24HOL-Martini-Embellished-Sweatshirt-color-Heather-Grey_31290-Edit_e070113f-53ee-4997-b15f-4d299213e245.jpg?v=1729535291&width=1000,,,Martini Embellished Sweatshirt,,,
,,,,//carbon38.com/cdn/shop/files/FPMVMT-OB1021427-PRNTANIBLUMED-Rocky-Ridge-Pullover-color-4410-Blue-Cheetah_23763-Edit.jpg?v=1730393295&width=1000,,,Rocky Ridge Pullover,,,
,,,,//carbon38.com/cdn/shop/files/525-110030155-MTLCSILV-Ophelia-Lurex-Johnny-Collar-Top-color-Glacier-Grey_26324-Edit.jpg?v=1728066836&width=1000,,,Ophelia Lurex Johnny Collar Top,,,
,,,,//carbon38.com/cdn/shop/files/CARB-YD6128-NUDE-24HOL-Drapey-Knit-Sweatshirt-color-Taupe-Heather_5454-Edit.jpg?v=1728078098&width=1000,,,Drapey Knit Sweatshirt in Interlock,,,
,,,,//carbon38.com/cdn/shop/files/CARB-YD438-MTLC-24HOL-Liquid-Metallic-Bodysuit-color-Silver_29940-Edit-Edit.jpg?v=1730935650&width=1000,,,Liquid Metallic Bodysuit,,,
,,,,//carbon38.com/cdn/shop/files/GOLD-GB40021243-IVRYBLUDRK-Mimi-Long-Sleeve-Knit-Sweater-color-BRETON-STRIPE-CREAM-BLUE_25748-Edit.jpg?v=1729121332&width=1000,,,Mimi Long Sleeve Knit Sweater,,,
,,,,//carbon38.com/cdn/shop/files/CARB-YD6146-PNK-24HOL-Raglan-Pullover-in-Velour-color-Blush_24252-Edit.jpg?v=1729721454&width=1000,,,Raglan Pullover in Velour,,,
,,,,//carbon38.com/cdn/shop/files/CARB-YD6137-MTLC-24HOL-Liquid-Metallic-Long-Sleeve-Top-color-Silver_30011-Edit-Edit.jpg?v=1730935339&width=1000,,,Liquid Metallic Long Sleeve Top,,,
,,,,//carbon38.com/cdn/shop/files/ADID-IW9909-PNKPINNEO-aSMC-Reg-Sweatshirt-color-Corpnk_1401-Edit.jpg?v=1724707472&width=1000,,,aSMC Reg Sweatshirt,,,
,,,,//carbon38.com/cdn/shop/files/CARB-YD6128-BLK-24HOL-Drapey-Knit-Sweatshirt-color-Black_5597-Edit.jpg?v=1728078243&width=1000,,,Drapey Knit Sweatshirt in Interlock,,,
,,,,//carbon38.com/cdn/shop/files/HEAD-824344-MULTIMULTI-Alison-Pullover-color-Multi_31572-Edit.jpg?v=1730229614&width=1000,,,Alison Pullover,,,
,,,,//carbon38.com/cdn/shop/files/CARB-YD6066R-BLK-24FAL-Wool-Blend-Slouchy-Knit-Sweater-color-Black_11633-Edit.jpg?v=1723596803&width=1000,,,Wool Blend Slouchy Knit Sweater,,,
,,,,//carbon38.com/cdn/shop/files/MDLT-AW24T12_NAVY-BLUEBLUDRK-Lafayette-Top-color-Navy_6178-Edit.jpg?v=1731546213&width=1000,,,Lafayette Top,,,
,,,,//carbon38.com/cdn/shop/files/CARB-YD6115-IVRY-24FAL-Stripe-Puff-Sleeve-Sweater-color-Stone-Black_11962-Edit_18847854-4ba1-4810-90b0-12b7120c48d5.jpg?v=1725049830&width=1000,,,Striped Puff Sleeve Sweater,,,
,,,,//carbon38.com/cdn/shop/files/VARL-VAR02106-IVRYOFFWHI-Milano-Half-Zip-Sweat-color-Ivory_4055-Edit.jpg?v=1721410104&width=1000,,,Milano Half Zip Sweat,,,
,,,,//carbon38.com/cdn/shop/files/VARL-VAR02119-GREYOFFWHI-Ailsa-Zip-Through-Midlayer-color-Rainy-Day_4105-Edit.jpg?v=1723762365&width=1000,,,Ailsa Zip Through Midlayer,,,
,,,,//carbon38.com/cdn/shop/files/CARB-YD6125-BLK-24HOL-Sheer-Turtleneck-Sweater-color-Black_7403-Edit.jpg?v=1728319347&width=1000,,,Sheer Turtleneck Sweater,,,
,,,,//carbon38.com/cdn/shop/files/KRRNL-KR24-3321-IVRYYELNEO-Maxwork-Cable-Pullover-color-Ivory-Tint_25-Edit.jpg?v=1724107376&width=1000,,,Maxwork Cable Pullover,,,
,,,,//carbon38.com/cdn/shop/files/CARB-YD6106-IVRY-24FAL-Reversible-Boucle-Sweater-color-Off-White_11705-Edit.jpg?v=1724206316&width=1000,,,Reversible Boucle Sweater,,,
,,,,//carbon38.com/cdn/shop/files/525-110029292-BLKOFFWHI-Tierney-Boucle-Coatigan-With-Scarf-color-Black-with-Sea-Salt-Stitch_28855-Edit.jpg?v=1730392942&width=1000,,,Tierney Boucle Coatigan With Scarf,,,
,,,,//carbon38.com/cdn/shop/files/CARB-YD6031R-IVRY-24FAL-Half-Zip-Boucle-Pullover-color-Off-White_11831-Edit.jpg?v=1724206105&width=1000,,,Half Zip Boucle Pullover,,,
,,,,//carbon38.com/cdn/shop/files/VARL-VAR01754-OLVEOLVMED-Raleigh-Zip-Through-Sweat-color-Olive-Night_4103-Edit.jpg?v=1721411589&width=1000,,,Raleigh Zip Through Sweat,,,
,,,,//carbon38.com/cdn/shop/files/CARB-YD615F-CARIBOU-23FAL-Off-Shoulder-Sweatshirt-in-french-terry-color-Caribou_2310-Edit.jpg?v=1729644149&width=1000,,,Off Shoulder Sweatshirt in French Terry,,,
,,,,//carbon38.com/cdn/shop/files/CARB-YD6135-ROSETTEBLK-24HOL-Rosette-Long-Sleeve-Top-in-Melt-color-Black-w-White-Rosette_31147-Edit.jpg?v=1729719285&width=1000,,,Rosette Long Sleeve Top in Melt,,,
,,,,//carbon38.com/cdn/shop/files/CARB-YD6004T-OLVE-24FAL-Tuxedo-Mock-Neck-Top-color-Olive_4485-Edit.jpg?v=1724194082&width=1000,,,Tuxedo Mock Neck Top,,,
,,,,//carbon38.com/cdn/shop/files/CARB-YD6115-NUDE-24FAL-Stripe-Puff-Sleeve-Sweater-color-Cream-Black_12036-Edit_a782f74b-0328-497c-93ab-d98741263f52.jpg?v=1725049933&width=1000,,,Striped Puff Sleeve Sweater,,,
,,,,//carbon38.com/cdn/shop/files/CARB-YD6053-OLVE-24SS-Front-twist-Tank-color-Olive_17879.jpg?v=1704225156&width=1000,,,Front Twist Tank,,,
,,,,//carbon38.com/cdn/shop/files/CARB-YD6031R-CARIB-24FAL-Half-Zip-Boucle-Pullover-color-Caribou_26-Edit.jpg?v=1724205757&width=1000,,,Half Zip Boucle Pullover,,,
,,,,//carbon38.com/cdn/shop/files/CARB-YD346-NUDE-24SS-Pleated-Back-Tank-color-SilverSage-Acid-Lime_18766.jpg?v=1704391516&width=1000,,,Pleated Back Tank in Melt,,,
,,,,//carbon38.com/cdn/shop/files/CARB-YD345-NUDE-24SS-Colorblock-High-Neck-Tank-color-Silversage-Acid-Lime_17500.jpg?v=1703274202&width=1000,,,Colorblock High Neck Tank,,,
,,,,//carbon38.com/cdn/shop/files/CARB-YD6058-NUDE-24SS-Colorblock-Half-Zip-Top-color-Silversage-Acid-Lime_17627-Edit.jpg?v=1702950218&width=1000,,,Colorblock Half Zip Top in Melt,,,
,,,,//carbon38.com/cdn/shop/files/CARB-YD638A-SLVSGE-24SS-Short-Sleeve-pocket-Tee-color-Silversage_17780_0d4969f0-dc40-4c13-a456-b408923e98c5.jpg?v=1705618405&width=1000,,,Short Sleeve Pocket Tee,,,
,,,,//carbon38.com/cdn/shop/files/CARB-YD6014H-PNK-24SS-One-Shoulder-Tank-color-Hawthorn-Rose-Heather_35567.jpg?v=1705447513&width=1000,,,One Shoulder Convertible Tank in Heather Melt,,,
,,,,//carbon38.com/cdn/shop/files/MISS-SS24SK05-MULTIMULTI-Top-color-Multicolor_37426.jpg?v=1705087075&width=1000,,,Top,,,
,,,,//carbon38.com/cdn/shop/files/CARB-YD6070-BLUE-24SS-Ombre-Cap-Sleeve-Wrap-Tee-color-Navy-Ombre_36925.jpg?v=1705953871&width=1000,,,Ombre Cap Sleeve Wrap Tee,,,
,,,,//carbon38.com/cdn/shop/files/NORMA-ST224BPH183813-BLUEBLUMED-Super-Oversized-Boyfriend-NK-Shirt-Bodysuit-color-Misty-Blue_64664-Edit.jpg?v=1714517615&width=1000,,,Super Oversized Boyfriend NK Shirt Bodysuit,,,
,,,,//carbon38.com/cdn/shop/files/CARB-YD570-CARIB-24HOL-Mock-Neck-Coreset-Zip-Top-color-Caribou_22676-Edit.jpg?v=1728080336&width=1000,,,Mock Neck Corset Zip Top in Melt,,,
,,,,//carbon38.com/cdn/shop/files/CARB-YD6014H-QUIETHRBR-24SS-One-Shoulder-Tank-color-Quiet-Harbor_35847-Edit.jpg?v=1707866923&width=1000,,,One Shoulder Convertible Tank in Heather Melt,,,
,,,,//carbon38.com/cdn/shop/files/CARB-YD638A-QUIETHRBR-24SS-Short-Sleeve-Pocket-Tee-color-Quiet-Harbor_44005-Edit.jpg?v=1707846894&width=1000,,,Short Sleeve Pocket Tee,,,
,,,,//carbon38.com/cdn/shop/files/CARB-YD658M-GRN-24SS-Long-Sleeve-Wrap-Top-in-melt-color-Acid-Lime_18818.jpg?v=1704005379&width=1000,,,Long Sleeve Wrap Top in Melt,,,
,,,,//carbon38.com/cdn/shop/files/PORT-TOP-CHY-0045-IVRYBLK-GioWaveTop-color-Chantilly-Black_0654-Edit.jpg?v=1710289474&width=1000,,,Gio Wave Top,,,
,,,,//carbon38.com/cdn/shop/files/CARB-YD335-HONYSCKLE-24SS-Long-RacerBack-Tank-color-Honeysuckle_36764.jpg?v=1705961345&width=1000,,,Long RacerBack Tank,,,
,,,,//carbon38.com/cdn/shop/files/KRRNL-KR24-4242-MULTIMULTI-Beau-Cardigan-color-Multi_12275-Edit.jpg?v=1727388225&width=1000,,,Beau Cardigan,,,
,,,,//carbon38.com/cdn/shop/files/CARB-YD6028-HWTHRNRSE-24SS-Long-Sleeve-Off-Shoulder-Tee-color-Hawthorn-Rose_00862.jpg?v=1706832901&width=1000,,,Long Sleeve Off Shoulder Tee,,,
,,,,//carbon38.com/cdn/shop/files/BW202155-WHITE-1_3.jpg?v=1726189537&width=1000,,,Cooper Classic Cotton Modal Tee,,,
,,,,//carbon38.com/cdn/shop/files/ELEV-EVT-FF-TA719-PNKPINMED-Cosmos-Tank-color-Sun-Kissed-Coral_0360.jpg?v=1692317340&width=1000,,,Cosmos Tank,,,
,,,,//carbon38.com/cdn/shop/files/525-100104W15-BLUEBLUDRK-Rachel-Sailor-Open-Stitch-Pullover-color-Forever-Blue-Multi_39311-Edit.jpg?v=1707781483&width=1000,,,Rachel Sailor Open Stitch Pullover,,,
,,,,//carbon38.com/cdn/shop/products/TERE-2821-9943-BLUEWHI-Terrazzo-TLC-Crop-Top-color-BLUE-MULTI_0319.jpg?v=1675462516&width=1000,,,Terrazzo TLC Crop Top,,,
,,,,//carbon38.com/cdn/shop/files/GOLD-GB351-30-241-NUDENUDLT-Art-Tank-Top-color-White-Sand_38531.jpg?v=1707229363&width=1000,,,Art Tank Top,,,
,,,,//carbon38.com/cdn/shop/files/BA0S066NM-R-GREYHEATHER_V1.jpg?v=1726188578&width=1000,,,Rivington Ribbed Tank,,,
,,,,//carbon38.com/cdn/shop/files/BW202155-BLACK-1_1.jpg?v=1726189632&width=1000,,,Cooper Classic Cotton Modal Tee,,,
,,,,//carbon38.com/cdn/shop/files/VARL-VAR01080-GRNGRNDRK-Davidson-Sweat-color-Cilantro_40116-Edit.jpg?v=1709939133&width=1000,,,Davidson Sweat,,,
,,,,//carbon38.com/cdn/shop/files/CARB-YD6088-PNK-24SS-Off-Shoulder-Raw-Edge-Sweatshirt-color-Honeysuckle_35737.jpg?v=1706202917&width=1000,,,Off Shoulder Raw Edge Sweatshirt in French Terry,,,
,,,,//carbon38.com/cdn/shop/files/BW202119-HEATHERGREY-1_2.jpg?v=1726189744&width=1000,,,Bowery Boxy Tri-Blend Tee,,,
,,,,//carbon38.com/cdn/shop/files/BW202083-BLACK-1_3_024ea5fe-bdd4-421b-8a7c-590e01d35a05.jpg?v=1726189423&width=1000,,,Bowery Boxy Weekend Cotton Tee,,,
,,,,//carbon38.com/cdn/shop/files/BND10288_BLACK_Front_2.jpg?v=1726528864&width=1000,,,Classic Logo Terry Crewneck Sweatshirt,,,
,,,,//carbon38.com/cdn/shop/files/BND10197-BLACK-BANDIER-1_4.jpg?v=1726526455&width=1000,,,Featherweight Tank,,,
,,,,//carbon38.com/cdn/shop/files/BND10203-BLACK-BANDIER-1_2.jpg?v=1726189992&width=1000,,,Rib Crop Short Sleeve,,,
,,,,//carbon38.com/cdn/shop/files/THEU-USW324016-MULTIMULTI-Queens-Boo-Knit-color-Stripe_0286-Edit.jpg?v=1720638026&width=1000,,,Queens Boo Knit,,,
,,,,//carbon38.com/cdn/shop/files/NORMA-ST2236TEA49930-GREYGRYLT-RACER-TAILORED-TERRY-TANK-TOP-color-LIGHT-HEATHER-GREY_0477.jpg?v=1698360255&width=1000,,,RACER TAILORED TERRY TANK TOP,,,
,,,,//carbon38.com/cdn/shop/files/ADID-JG1543-BLKBLK-aSMC-CRO-Hoodie-color-Black_18-Edit.jpg?v=1724100335&width=1000,,,aSMC CRO Hoodie,,,
,,,,//carbon38.com/cdn/shop/products/CARB-CRB20301-NAVY-Long-RacerBack-Tank-color-NAVY-blazer_2430.jpg?v=1680561172&width=1000,,,Long RacerBack Tank,,,
,,,,//carbon38.com/cdn/shop/files/CARB-YD6028-BLK-23FAL-Long-Sleeve-Off-Shoulder-Tee-color-Black_42663.jpg?v=1692658977&width=1000,,,Long Sleeve Off Shoulder Tee,,,
,,,,//carbon38.com/cdn/shop/files/GLDBRYD-GBOW1-S24-IVRYOFFWHI-Crop-Blazer-color-Cream_3842-Edit.jpg?v=1721787135&width=1000,,,Boucl√© Cropped Blazer,,,
,,,,//carbon38.com/cdn/shop/files/LTSP-T070-WHTGRNDRK-Mesh-Zip-Performance-Polo-color-White-with-Green-Trim_1057-Edit.jpg?v=1710535707&width=1000,,,Mesh Zip Performance Polo,,,
,,,,//carbon38.com/cdn/shop/files/THEU-USW424139-REDREDDRK-Keystone-Blanche-Half-Zip-color-Red_0830-Edit.jpg?v=1730160741&width=1000,,,Keystone Blanche Half Zip,,,
,,,,//carbon38.com/cdn/shop/files/MDLT-RE25T08-IVRYOFFWHI-Delilah-Top-color-Cream_9832-Edit.jpg?v=1736544048&width=1000,,,Delilah Top,,,
,,,,//carbon38.com/cdn/shop/files/CARB-YD694-GREY-23SM-Short-Sleeve-Off-Shoulder-Sweatshirt-in-french-terry-color-Heather-Grey_0596.jpg?v=1685645037&width=1000,,,Short Sleeve Off Shoulder Sweatshirt in French Terry,,,
,,,,//carbon38.com/cdn/shop/files/PORT-TOP-BDY-0001-REDREDMED-GIO-WAVE-TOP-color-Burgundy-Chantilly_3987-Edit.jpg?v=1733788337&width=1000,,,Gio Wave Top,,,
,,,,//carbon38.com/cdn/shop/files/THEU-USW424024-BLUEBLUDRK-Clementine-Knit-Crew-color-Navy_29229-Edit.jpg?v=1729806787&width=1000,,,Clementine Knit Crew,,,
,,,,//carbon38.com/cdn/shop/files/MDLT-RE25T15-BLKBLK-Tamion-Top-color-Black-Cream_28775-Edit.jpg?v=1729805454&width=1000,,,Tamino Cashmere Top,,,
,,,,//carbon38.com/cdn/shop/files/PORT-TOP-CHO-0009-BRWNBRWN-LAUREN-TOP-color-Dark-Chocolate_4071-Edit.jpg?v=1733788613&width=1000,,,Lauren Top,,,
,,,,//carbon38.com/cdn/shop/files/CARB-YD6126-GREY-24HOL-Mesh-Long-Sleeve-Top-color-Grey-Mesh_5930-Edit.jpg?v=1733791059&width=1000,,,Silver Mesh Long Sleeve Top,,,
,,,,//carbon38.com/cdn/shop/files/CARB-YD338-WHT-23FAL-Strappy-Tank-in-Melt-color-White_4253.jpg?v=1689018058&width=1000,,,Strappy Tank in Melt,,,
,,,,//carbon38.com/cdn/shop/files/CARB-YD6066-BLUE-24SS-Oversized-Off-Shoulder-Sweater-color-off-white-navy-Stripe_0014-Edit.jpg?v=1715792179&width=1000,,,Slouchy Knit Sweater,,,
,,,,//carbon38.com/cdn/shop/files/BND10197-WHITE-BANDIER-1_4.jpg?v=1726526731&width=1000,,,Featherweight Tank,,,
,,,,//carbon38.com/cdn/shop/files/THEU-USW424108-IVRYOFFWHI-Pascal-Collared-Crew-color-Natural_0670-Edit.jpg?v=1730160460&width=1000,,,Pascal Collared Crew,,,
,,,,//carbon38.com/cdn/shop/files/CARB-YD338-LOTUS-24SM-Strappy-Tank-in-Melt-color-Lotus_64869-Edit.jpg?v=1712962409&width=1000,,,Strappy Tank in Melt,,,
,,,,//carbon38.com/cdn/shop/files/CARB-YD338-BLUE-23FAL-Strappy-Tank-in-Melt-color-Navy-Blazer_3169.jpg?v=1689018986&width=1000,,,Strappy Tank in Melt,,,
,,,,//carbon38.com/cdn/shop/files/BW202204-BLACK-1_2.jpg?v=1726265441&width=1000,,,Rivington Ribbed Long Sleeve Scoop Neck Crop Top,,,
,,,,//carbon38.com/cdn/shop/files/CARB-YD6072B-BLK-24HOL-Mesh-Tee-Shirt-color-Black_5862-Edit.jpg?v=1733790657&width=1000,,,Liquid Mesh Tee Shirt,,,
,,,,//carbon38.com/cdn/shop/products/JONAS-4218010ST-BLKBLK-harleen-eco-slinky-jersey-twist-front-bodysuit-Color-BLACK_631aa4c4-3f9d-4725-bdda-15b9c5dfea2f.jpg?v=1661380455&width=1000,,,Harleen Eco Slinky Jersey Twist Front Bodysuit,,,
,,,,//carbon38.com/cdn/shop/files/CARB-YD6072B-PONDPNE-24HOL-Mesh-Tee-Shirt-color-Ponderosa-Pine_6085-Edit.jpg?v=1733790878&width=1000,,,Liquid Mesh Tee Shirt,,,
,,,,//carbon38.com/cdn/shop/products/CARB-YD693-PNK-22HOL-COLORBLOCK-RUN-TOP-in-melt-color-FUCHSIA-PURPLE-CAYENNE_11.jpg?v=1679937035&width=1000,,,Colorblock Run Top in Melt,,,
,,,,//carbon38.com/cdn/shop/files/WOLF-53308-BLKBLK-Active-Flow-Top-color-black0616-Edit.jpg?v=1711064423&width=1000,,,Active Flow Top,,,
,,,,//carbon38.com/cdn/shop/products/CARB-CRB20404-BLKBLK-long-sleeve-top-in-diamond-compression-Color-BLACK_1267.jpg?v=1677725498&width=1000,,,Long Sleeve Top In Diamond Compression,,,
,,,,//carbon38.com/cdn/shop/files/VARL-VAR02070-BLKBLK-Eleanor-Patch-Pocket-Fleece-color-Black_4163-Edit.jpg?v=1721411045&width=1000,,,Eleanor Patch Pocket Fleece,,,
,,,,//carbon38.com/cdn/shop/products/CARB-CRB21100-BLURBL-twist-front-cami-1-Color-STRONG-BLUE_b31595e0-a03b-4463-a249-bb2328d677ec.jpg?v=1661379978&width=1000,,,Twist Front Cami,,,
,,,,//carbon38.com/cdn/shop/products/ARTE-AD02-109-B258-OLVEOLVDRK-Frankie-Tee-color-OLIVE_1247.jpg?v=1679957556&width=1000,,,Frankie Tee,,,
,,,,//carbon38.com/cdn/shop/products/SERO-2040-11-PNKPINNEO-RAINES-SILK-SHIRT-color-FUCHSIA_1380.jpg?v=1682028766&width=1000,,,RAINES SILK SHIRT,,,
,,,,//carbon38.com/cdn/shop/products/CARB-CRB22044-BLUELT-23SS-FRENCH-TERRY-HALF-ZIP-color-HAWAIIAN-SURF_4710.jpg?v=1677802638&width=1000,,,FRENCH TERRY HALF ZIP,,,
,,,,//carbon38.com/cdn/shop/files/CARB-YD6139-RED-24HOL-Half-Zip-Fleece-Top-color-Crimson-Red_6194-Edit.jpg?v=1733952956&width=1000,,,Half Zip Fleece Top,,,
,,,,//carbon38.com/cdn/shop/products/CARB-CRB21212-GRNDGR-cut-out-halterneck-cami-Color-DARK-TEAL_e94f8898-58f6-4aeb-9f95-b199383934a4.jpg?v=1661380018&width=1000,,,Cut Out Halter Neck Ribbed Cami,,,
,,,,//carbon38.com/cdn/shop/files/CARB-YD920-MULTI-23FAL-Sweater-Cardigan-color-Multi_25558.jpg?v=1687382655&width=1000,,,The Travel Sweater,,,
,,,,//carbon38.com/cdn/shop/files/CARB-YD329-WHT-23SM-Wrap-Neck-Tank-color-White_25099.jpg?v=1686270587&width=1000,,,Wrap Neck Tank,,,
,,,,//carbon38.com/cdn/shop/files/CARB-YD6069-QUIETHRBR-24SS-Short-Sleeve-Sweater-color-Quiet-Harbor-White-Stripe_39267.jpg?v=1706726416&width=1000,,,Short Sleeve Sweater,,,
,,,,//carbon38.com/cdn/shop/products/ARTE-AD02-114-54B9-ORNGORNGDRK-LEXI-CROP-color-CLAY_1479.jpg?v=1679959778&width=1000,,,Lexi Cashmere Crop,,,
,,,,//carbon38.com/cdn/shop/products/CARB-YD614SP-BLUE-22HOL-RHINESTONE-OVERSIZED-BUTTON-UP-SHIRT-color-Blue-with-Silver-Rhinestones1.jpg?v=1670614453&width=1000,,,RHINESTONE OVERSIZED BUTTON UP SHIRT,,,
,,,,//carbon38.com/cdn/shop/files/CARB-YD6013-WHT-23SM-L-S-Wrap-Neck-Shirt-color-White_25231.jpg?v=1686271913&width=1000,,,Long Sleeve Wrap Neck Shirt,,,
,,,,//carbon38.com/cdn/shop/files/CARB-YD638A-PICKLED-BEET-23SS-Short-Sleeve-Pocket-Tee-color-PICKLED-BEET_0044.jpg?v=1682455621&width=1000,,,Short Sleeve Pocket Tee,,,
,,,,//carbon38.com/cdn/shop/products/CARB-YD324-PRPL-23SM-Crochet-Tank-in-melt-color-Pickled-Beet_0048.jpg?v=1680717403&width=1000,,,Crochet Tank in Melt,,,
,,,,//carbon38.com/cdn/shop/files/CARB-YD6018S-WHT-23FAL-Twisted-Tunic-Shirt-color-White-Tan-Stripe_40795.jpg?v=1695065958&width=1000,,,Twisted Tunic Shirt,,,
,,,,//carbon38.com/cdn/shop/products/PACO-21HJTE054CO0410-TIEBLU-tee-shirt-Color-M414_366da9a7-c3ee-416c-bf43-94652d30b745.jpg?v=1661380669&width=1000,,,Tee Shirt,,,
,,,,//carbon38.com/cdn/shop/products/CARB-CRB22069-RED-23SS-Ombre-French-Terry-Half-Zip-Horseshoe-color-Merlot-to-Magenta-Haze_1641.jpg?v=1680034204&width=1000,,,Ombre French Terry Half Zip // Horseshoe,,,
,,,,//carbon38.com/cdn/shop/products/CARB-CRB22044-BLUE-23SS-FRENCH-TERRY-HALF-ZIP-color-CLEARLY-AQUA_4443.jpg?v=1677801922&width=1000,,,FRENCH TERRY HALF ZIP,,,
,,,,//carbon38.com/cdn/shop/products/CARB-YD617-PNK-22SM-Sleeveless_Wrap_Top-color-Confetto_9018_fa631fed-eeaa-4a29-8318-002457f0b4ef.jpg?v=1666901381&width=1000,,,Sleeveless Wrap Top,,,
,,,,//carbon38.com/cdn/shop/products/ARTE-AD03-119-54B9-OLVEOLVDRK-Sia-Cardigan-color-OLIVE_1129.jpg?v=1679963457&width=1000,,,Sia Cashmere Cardigan,,,
,,,,//carbon38.com/cdn/shop/products/CARB-CRB31272-BRWN-22HOL-CableKnitCardigan-color-Mushroom3095.jpg?v=1669942401&width=1000,,,Cable Knit Cardigan,,,
,,,,//carbon38.com/cdn/shop/files/CARB-YD638A-MERLOT-23FAL-Short-Sleeve-Pocket-Tee-color-Merlot_1987-Edit.jpg?v=1691513290&width=1000,,,Short Sleeve Pocket Tee,,,
,,,,//carbon38.com/cdn/shop/products/CARB-CRB22060-BLUE-23SS-EMBROIDERED-FRENCH-TERRY-CREW-SWEATSHIRT-color-NAVY-LOBSTER_19383.jpg?v=1674696503&width=1000,,,EMBROIDERED FRENCH TERRY CREW SWEATSHIRT,,,
,,,,//carbon38.com/cdn/shop/products/CARB-CRB22069-BRWN-23SS-Ombre-French-Terry-Half-Zip-Cactus-color-Caramel-Cafe-to-Rose-Cloud_16126.jpg?v=1681318274&width=1000,,,Ombre French Terry Half Zip / Cactus,,,
,,,,//carbon38.com/cdn/shop/products/PACO-21AJTE056CO0421-GRABLK-tee-shirt-Color-BLACK_9a1423a0-9f20-46e3-9341-5683634d7125.jpg?v=1661380669&width=1000,,,Tee Shirt,,,
,,,,//carbon38.com/cdn/shop/files/CARB-YD6039-BLK-23HOL-Longsleeve-Printed-Base-Layer-color-buffalo-plaid_3312.jpg?v=1698445172&width=1000,,,Long Sleeve Printed Base Layer,,,
,,,,//carbon38.com/cdn/shop/products/CARB-YD693-GRN-23SS-RUN-TOP-in-melt-color-ACID-LIME_2.jpg?v=1679937192&width=1000,,,Run Top in Melt,,,
,,,,//carbon38.com/cdn/shop/files/CARB-YD6009-IVRY-23SM-Tennis-Tank-color-Ivory_2100.jpg?v=1683230291&width=1000,,,Tennis Tank,,,
,,,,//carbon38.com/cdn/shop/files/BOGN-84588499-BLKBLK-CABANE-color-BLACK_7060.jpg?v=1696030984&width=1000,,,Cabane Knit Sweater Jacket,,,
,,,,//carbon38.com/cdn/shop/products/CARB-W158-WHIWHI-ribbed-cami-bra-Color-WHITE_0788.jpg?v=1675467202&width=1000,,,Ribbed Cami Bra,,,
,,,,//carbon38.com/cdn/shop/products/CARB-YD6005B-IVRY-23SS-STRIPED-CROPPED-SWEATER-VEST-color-IVORY-W-NAVY_9082.jpg?v=1674519356&width=1000,,,STRIPED CROPPED SWEATER VEST,,,
,,,,//carbon38.com/cdn/shop/files/CARB-YD6020-BLK-23FAL-Mesh-Off-Shoulder-Top-color-Black_41324.jpg?v=1697578987&width=1000,,,Mesh Off Shoulder Top,,,
,,,,//carbon38.com/cdn/shop/files/WTSKN-1201-BLKBLK-Ryann-Bodysuit-color-Black_00529-Edit.jpg?v=1709237866&width=1000,,,Ryann Bodysuit,,,
,,,,//carbon38.com/cdn/shop/products/CARB-CRB22060-OLVE-23SS-EMBROIDERED-FRENCH-TERRY-CREW-SWEATSHIRT-color-OLIVE-SEAHORSE_19414.jpg?v=1674696146&width=1000,,,EMBROIDERED FRENCH TERRY CREW SWEATSHIRT,,,
,,,,//carbon38.com/cdn/shop/products/CARB-YD614SP-WHT-22HOL-RHINESTONE-OVERSIZED-BUTTON-UP-SHIRT-color-White-w-Silver-Rhinestones1.jpg?v=1670614902&width=1000,,,RHINESTONE OVERSIZED BUTTON UP SHIRT,,,
,,,,//carbon38.com/cdn/shop/products/CARB-W158-BLKBLK-ribbed-cami-bra-Color-BLACK_4306.jpg?v=1677716790&width=1000,,,Ribbed Cami Bra,,,
,,,,//carbon38.com/cdn/shop/files/CARB-CRB22061-WHTTIDE-23SS-Breton-Stripe-French-Terry-1-2-Zip-color-White-Quiet-Tide_0507.jpg?v=1684371328&width=1000,,,Breton Stripe French Terry 1/2 Zip,,,
,,,,//carbon38.com/cdn/shop/files/WOLF-52984-BLKBLK-Thermal-Top-Long-Sleeves-color-Black_23834.jpg?v=1701823402&width=1000,,,Thermal Top Long Sleeve,,,
,,,,//carbon38.com/cdn/shop/products/CARB-CRB20403-BLKBLK-tank-in-diamond-compression-Color-BLACK_713beca6-a07a-4062-9412-8a3b0afdbb01.jpg?v=1701204609&width=1000,,,Tank In Diamond Compression,,,
,,,,//carbon38.com/cdn/shop/files/ERIN-2314230-BLUEBLUDRK-JACKIE-SWEATER-color-INK_9363.jpg?v=1698706389&width=1000,,,Jackie Sweater,,,
,,,,//carbon38.com/cdn/shop/files/CARB-YD6032-BRWN-23HOL-Fleece-Back-Half-Zip-Top-color-Dark-Olive-Acid-Lime_7498.jpg?v=1701818015&width=1000,,,Fleece Back Half Zip Top,,,
,,,,//carbon38.com/cdn/shop/files/SERO-602256-WHTOFFWHI-DonnaSweater-color-Winter-White_23677.jpg?v=1701806504&width=1000,,,Donna Sweater,,,
,,,,//carbon38.com/cdn/shop/files/CARB-YD6004-BLK-23SS-SLEEVELESS-MOCK-NECK-TOP-color-BLACK_15916.jpg?v=1700259106&width=1000,,,SLEEVELESS MOCK NECK TOP IN MELT,,,
,,,,//carbon38.com/cdn/shop/files/CARB-YD6028-WHT-23FAL-Long-Sleeve-Off-Shoulder-Tee-color-White_2.jpg?v=1694191404&width=1000,,,Long Sleeve Off Shoulder Tee,,,
,,,,//carbon38.com/cdn/shop/files/CARB-YD344-BLK-23HOL-Strap-Tank-color-Black_7473.jpg?v=1701978708&width=1000,,,Seamed Tank in Melt,,,
,,,,//carbon38.com/cdn/shop/files/CARB-YD638A-BLK-23SS-Short-Sleeve-Pocket-Tee-color-Black_0081.jpg?v=1682452550&width=1000,,,Short Sleeve Pocket Tee,,,
,,,,//carbon38.com/cdn/shop/files/CARB-W235-BLKBLK-BLACK-RIBBED-TANK-COLOR-BLACK_15607.jpg?v=1700613694&width=1000,,,Ribbed Tank,,,
,,,,//carbon38.com/cdn/shop/files/BEYO-SD4382-BLKBLK-SPACEDYE-SLIM-RACERBACK-CROPPED-TANK-color-DARKEST-NIGHT_0099.jpg?v=1684269220&width=1000,,,Spacedye Slim Racerback Cropped Tank,,,
,,,,//carbon38.com/cdn/shop/files/MISS-SS24SW05-MULTIMULTI-Crewneck-Sweatshirt-color-Rainbow-Lilla-arancio-lime_3283.jpg?v=1704825394&width=1000,,,Crewneck Sweatshirt,,,
,,,,//carbon38.com/cdn/shop/products/CARB-YD614-WHIWHI-Oversized-Button-Up-Shirt-color-White_4357.jpg?v=1678151380&width=1000,,,Oversized Button Up Shirt,,,
,,,,//carbon38.com/cdn/shop/files/CARB-YD6053-WHT-23SM-Front-Twist-Tank-color-White_25362.jpg?v=1686592966&width=1000,,,Front Twist Tank,,,
,,,,//carbon38.com/cdn/shop/files/BNDR-BND10227-BLKBLK-Les-Sport-Bandier-1-2-Zip-Sweatshirt-color-Black-White_1357.jpg?v=1708550402&width=1000,,,Les Sports Bandier 1/2 Zip Sweatshirt,,,
,,,,//carbon38.com/cdn/shop/files/CARB-YD6004-WHT-23SS-SLEEVELESS-MOCK-NECK-TOP-color-WHITE_15866.jpg?v=1700615453&width=1000,,,SLEEVELESS MOCK NECK TOP IN MELT,,,
,,,,//carbon38.com/cdn/shop/files/CARB-YD615-GREY-22HOL-Off-Shoulder-Sweatshirt-in-french-terry-color-Heather-Grey_63545-Edit.jpg?v=1712350695&width=1000,,,Off Shoulder Sweatshirt in French Terry,,,
,,,,//carbon38.com/cdn/shop/files/CARB-YD6017H-GREYDRK-23FAL-Zip-Long-Sleeve-Run-Top-color-Charcoal-heather_47083.jpg?v=1692644562&width=1000,,,Zip Long Sleeve Run Top,,,
,,,,//carbon38.com/cdn/shop/files/CARB-YD335-BLK-23SS-Long-RacerBack-Tank-color-Black_21.jpg?v=1685656615&width=1000,,,Long RacerBack Tank,,,
,,,,//carbon38.com/cdn/shop/files/CARB-YD615-OLVE-22FAL-Off-Shoulder-Sweatshirt-in-french-terry-color-Olive_2219-Edit.jpg?v=1729644563&width=1000,,,Off Shoulder Sweatshirt in French Terry,,,
,,,,//carbon38.com/cdn/shop/files/VARL-VAR00882-BRWNBRWDRK-CARMEN-KNIT-color-COCOA-SHELL_45599.jpg?v=1695162117&width=1000,,,Carmen Knit,,,
,,,,//carbon38.com/cdn/shop/files/CARB-YD6059-WHT-24SS-Puff-Sleeve-Full-Zip-Top-color-White-Sweet-Lavender_19003.jpg?v=1703039814&width=1000,,,Puff Sleeve Full Zip Top,,,
,,,,//carbon38.com/cdn/shop/files/CARB-YD6017H-GREYLT-23FAL-Zip-Long-Sleeve-Run-Top-color-Silver-heather_47289.jpg?v=1692644476&width=1000,,,Zip Long Sleeve Run Top,,,
,,,,//carbon38.com/cdn/shop/files/CARB-YD658M-BLUE-23HOL-Long-Sleeve-Wrap-Top-in-Melt-color-white_21283.jpg?v=1702085111&width=1000,,,Long Sleeve Wrap Top in Melt,,,
,,,,//carbon38.com/cdn/shop/files/CARB-YD335-OLVE-23HOL-Long-RacerBack-Tank-color-Olive_20555.jpg?v=1701208362&width=1000,,,Long RacerBack Tank,,,
,,,,//carbon38.com/cdn/shop/products/CARB-YD640-WHT-22SM-WIDE-SCOOP-BRA-TANK-color-White_0437.jpg?v=1680737603&width=1000,,,Wide Scoop Bra Tank in Melt,,,
,,,,//carbon38.com/cdn/shop/files/CARB-YD6014-PRNTLEO-23SM-One-Shoulder-convertible-Tank-color-Leopard-Print_30416-Edit.jpg?v=1719435017&width=1000,,,One Shoulder Convertible Tank in Melt,,,
,,,,//carbon38.com/cdn/shop/files/WSLY-BW202137-GREYGRYMED-Rivington-Ribbed-Long-Sleeve-Top-color-Grey-Heather_1569.jpg?v=1708544447&width=1000,,,Rivington Ribbed Long Sleeve Top,,,
,,,,//carbon38.com/cdn/shop/files/CARB-YD6053-BLK-23SM-Front-Twist-Tank-color-Black_25485.jpg?v=1690229946&width=1000,,,Front Twist Tank,,,
,,,,//carbon38.com/cdn/shop/files/BNDR-BND10227-WHTWHI-Les-Sport-Bandier-1-2-Zip-Sweatshirt-color-White-Cordovan_1527.jpg?v=1708550217&width=1000,,,Les Sports Bandier 1/2 Zip Sweatshirt,,,
,,,,//carbon38.com/cdn/shop/files/CARB-YD6038-GREY-23HOL-Pearl-Sweatshirt-color-Heather-Grey_4923.jpg?v=1699036378&width=1000,,,Pearl Sweatshirt,,,
,,,,//carbon38.com/cdn/shop/files/CARB-YD615-WHIWHI-Off-Shoulder-Sweatshirt-in-french-terry-color-WHITE_3198-Edit.jpg?v=1719945829&width=1000,,,Off Shoulder Sweatshirt in French Terry,,,
,,,,//carbon38.com/cdn/shop/files/CARB-W235-WHIWHI-ribbed-tank-1-Color-WHITE_15247.jpg?v=1700613811&width=1000,,,Ribbed Tank,,,
,,,,//carbon38.com/cdn/shop/files/CARB-YD638A-OLVE-23FAL-Short-Sleeve-Pocket-Tee-color-Olive_20316.jpg?v=1701209542&width=1000,,,Short Sleeve Pocket Tee,,,
,,,,//carbon38.com/cdn/shop/files/OOPSCL-23K220-MULTIMULTI-Storm-Turtle-Neck-Top-color-Storm_36272.jpg?v=1705538102&width=1000,,,Storm Turtle Neck Top,,,
,,,,//carbon38.com/cdn/shop/files/CARB-YD335-WHT-23SS-Long-RacerBack-Tank-color-white_14201.jpg?v=1710451259&width=1000,,,Long RacerBack Tank,,,
,,,,//carbon38.com/cdn/shop/files/CARB-YD640-BLK-22HOL-Wide-scoop-Bra-Tank-in-melt-color-BLACK_21232.jpg?v=1701380480&width=1000,,,Wide Scoop Bra Tank in Melt,,,
,,,,//carbon38.com/cdn/shop/files/CARB-YD6087-DRKCHMBRY-24SM-Chambray-Denim-Shirt-color-Medium-Wash_64212-Edit.jpg?v=1714523159&width=1000,,,Chambray Denim Shirt,,,
,,,,//carbon38.com/cdn/shop/files/CARB-YD638A-WHT-23SS-Short-Sleeve-Pocket-Tee-color-White_0158.jpg?v=1682454611&width=1000,,,Short Sleeve Pocket Tee,,,
,,,,//carbon38.com/cdn/shop/files/CARB-YD6069-WHT-24SS-Short-Sleeve-Sweater-color-White_39199.jpg?v=1706730861&width=1000,,,Short Sleeve Sweater,,,
,,,,//carbon38.com/cdn/shop/files/CARB-YD6117-LOTUS-24SM-Short-Sleeve-Rouched-Tee-color-Lotus_63895-Edit.jpg?v=1713206938&width=1000,,,Short Sleeve Ruched Tee,,,
,,,,//carbon38.com/cdn/shop/files/CARB-YD694-WHT-23SM-Short-Sleeve-Off-Shoulder-Sweatshirt-in-french-terry-color-White_0653.jpg?v=1685648425&width=1000,,,Short Sleeve Off Shoulder Sweatshirt in French Terry,,,
,,,,//carbon38.com/cdn/shop/files/CARB-YD6053-CARIB-24SS-Front-Twist-Tank-color-Caribou_43931-Edit.jpg?v=1707846142&width=1000,,,Front Twist Tank,,,
,,,,//carbon38.com/cdn/shop/files/CARB-YD6087-LTCHMBRY-24SM-Chambray-Denim-Shirt-color-Light-Wash_0089-Edit.jpg?v=1718901897&width=1000,,,Chambray Denim Shirt,,,
,,,,//carbon38.com/cdn/shop/files/CARB-YD615-NVY-22HOL-Off-Shoulder-Sweatshirt-in-french-terry-color-NAVY-BLAZER_15965.jpg?v=1700258206&width=1000,,,Off Shoulder Sweatshirt in French Terry,,,
,,,,//carbon38.com/cdn/shop/files/PORT-TOP-BLK-0053-BLKBLK-Lauren-Top-color-Black_1447-Edit.jpg?v=1713916469&width=1000,,,Lauren Top,,,
,,,,//carbon38.com/cdn/shop/files/CARB-YD338-CARIB-24SS-Strappy-Tank-in-Melt-color-Caribou_39133.jpg?v=1706729372&width=1000,,,Strappy Tank in Melt,,,
,,,,//carbon38.com/cdn/shop/files/CARB-YD347-BLK-24SS-High-Neck-Laser-Cut-Tank-color-Black_38769.jpg?v=1706654170&width=1000,,,High Neck Laser Cut Tank in Diamond Compression,,,
,,,,//carbon38.com/cdn/shop/files/GOLD-GB363-10-241-ORNGORNGNEO-Cassia-Polo-color-Papaya_65306-Edit.jpg?v=1716945760&width=1000,,,Cassia Polo,,,
,,,,//carbon38.com/cdn/shop/files/CARB-YD6089-MTDCLY-24SM-Puff-Sleeve-Tee-color-Muted-Clay_63945-Edit.jpg?v=1713294461&width=1000,,,Puff Sleeve Tee,,,
,,,,//carbon38.com/cdn/shop/files/CARB-YD615-TOMATPUREE-24SM-Off-Shoulder-Sweatshirt-color-Tomato_12229-Edit.jpg?v=1716250111&width=1000,,,Off Shoulder Sweatshirt in French Terry,,,
,,,,//carbon38.com/cdn/shop/files/CARB-YD694-GRNTGRN-24SM-Short-Sleeve-Off-Shoulder-Sweatshirt-color-Granite-Green_65060-Edit.jpg?v=1713382286&width=1000,,,Short Sleeve Off Shoulder Sweatshirt in French Terry,,,
,,,,//carbon38.com/cdn/shop/files/CARB-YD694-GRN-24FAL-Short-Sleeve-Off-Shoulder-Sweatshirt-color-Malachite_4649-Edit.jpg?v=1719852398&width=1000,,,Short Sleeve Off Shoulder Sweatshirt in French Terry,,,
,,,,//carbon38.com/cdn/shop/files/PORT-TOP-CHY-0007-IVRYOFFWHI-Elle-Top-color-Chantilly_1355-Edit.jpg?v=1713915829&width=1000,,,Elle Top,,,
,,,,//carbon38.com/cdn/shop/files/CARB-YD6098-BLK-24SM-Cap-Sleeve-Top-color-Black_64149-Edit.jpg?v=1713489145&width=1000,,,Cap Sleeve Top,,,
,,,,//carbon38.com/cdn/shop/files/CARB-YD6117-WHT-24SM-Short-Sleeve-Rouched-Tee-color-White_63829-Edit.jpg?v=1713294847&width=1000,,,Short Sleeve Ruched Tee,,,
,,,,//carbon38.com/cdn/shop/files/MISS-DS24SN15-MULTIMULTI-Crewneck-Sweater-color-Orange-Multi_1473-Edit.jpg?v=1712337034&width=1000,,,Ribbed crew-neck jumper with contrasting collar,,,
,,,,//carbon38.com/cdn/shop/files/CARB-YD345-BLUE-24SM-Colorblock-High-Neck-Tank-color-Navy-Digital-Green_1900-Edit.jpg?v=1716245205&width=1000,,,Colorblock High Neck Tank,,,
,,,,//carbon38.com/cdn/shop/files/MISS-MC22SL00-MULTIMULTI-Long-Sleeve-T-Shirt-color-Red-Blue-Space_1651-Edit.jpg?v=1715989367&width=1000,,,Long Sleeve T Shirt,,,
,,,,//carbon38.com/cdn/shop/files/CARB-YD338-RED-24FAL-Strappy-Tank-in-Melt-color-Tomato_1132-Edit.jpg?v=1719620604&width=1000,,,Strappy Tank in Melt,,,
,,,,//carbon38.com/cdn/shop/files/CARB-YD6089-WHT-24SM-Puff-Sleeve-Tee-color-White_64002-Edit.jpg?v=1713294617&width=1000,,,Puff Sleeve Tee,,,
,,,,//carbon38.com/cdn/shop/files/CARB-YD335-SLSHY-24SM-Long-RacerBack-Tank-color-Slushy_63527-Edit.jpg?v=1714787544&width=1000,,,Long RacerBack Tank,,,
,,,,//carbon38.com/cdn/shop/files/CARB-YD6096-BLUE-24SM-Sleeveless-Golf-Top-color-Navy_61501-Edit.jpg?v=1715820722&width=1000,,,Sleeveless Golf Top,,,
,,,,//carbon38.com/cdn/shop/files/CARB-YD353-DEEPLAG-24SM-Mod-Tennis-Top-color-Deep-Lagoon_1804-Edit.jpg?v=1715816632&width=1000,,,Mod Tennis Top in Scuba,,,
,,,,//carbon38.com/cdn/shop/files/CARB-YD335-ENAMBLUE-24FAL-Long-Racerback-Tank-color-Enamel-Blue_4612-Edit.jpg?v=1734036594&width=1000,,,Long Racerback Tank,,,
,,,,//carbon38.com/cdn/shop/files/THEU-USW224033-MULTIMULTI-Wabi-Sabi-Nikko-Knit-Vest-color-Stripe_0914-Edit.jpg?v=1716330858&width=1000,,,Wabi Sabi Nikko Knit Vest,,,
,,,,//carbon38.com/cdn/shop/files/CARB-YD6097-BLUE-24SM-Short-Sleeve-Collared-Cardigan-color-Navy_0018-Edit.jpg?v=1716318132&width=1000,,,Short Sleeve Collared Cardigan,,,
,,,,//carbon38.com/cdn/shop/files/CARB-YD6028-DEEPLAG-24SM-Long-Sleeve-Off-Shoulder-Tee-color-Deep-Lagoon_0039-Edit.jpg?v=1715966842&width=1000,,,Long Sleeve Off Shoulder Tee,,,
,,,,//carbon38.com/cdn/shop/files/NORMA-KK3226PL786001-BLKBLK-One-Shoulder-Peasant-Top-color-Black_0043-Edit.jpg?v=1717187790&width=1000,,,One Shoulder Peasant Top,,,
,,,,//carbon38.com/cdn/shop/files/CARB-YD6096-WHT-24SM-Sleeveless-Golf-Top-color-White_0996-Edit.jpg?v=1717445041&width=1000,,,Sleeveless Golf Top,,,
,,,,//carbon38.com/cdn/shop/files/CARB-YD6097-WHT-24SM-Short-Sleeve-Collared-Cardigan-color-White_61269-Edit.jpg?v=1716314216&width=1000,,,Short Sleeve Collared Cardigan,,,
,,,,//carbon38.com/cdn/shop/files/CARB-YD6098-WHT-24SM-Cap-Sleeve-Top-color-White_64079-Edit.jpg?v=1713489627&width=1000,,,Cap Sleeve Top,,,
,,,,//carbon38.com/cdn/shop/files/VARL-VAR02071-WHTBLUDRK-Penelope-Performance-Polo-color-White-Blue-Knits_60851-Edit.jpg?v=1716337230&width=1000,,,Penelope Performance Polo,,,
,,,,//carbon38.com/cdn/shop/files/SERO-3752-12-WHTBLUDRK-Sharlie-Sweater-color-White-Navy-Stripe_0306-Edit.jpg?v=1717179547&width=1000,,,Sharlie Sweater,,,
,,,,//carbon38.com/cdn/shop/files/ADID-IN3613-PRNTABSMULTI-adidas-by-Stella-McCartney-Woven-Tracktop-Printed-color-chalk-pearl-black_48891-Edit.jpg?v=1709680363&width=1000,,,adidas by Stella McCartney Woven TrackTop Printed,,,
,,,,//carbon38.com/cdn/shop/files/CARB-YD6014LP-CHARCLEO-24SM-One-Shoulder-Convertible-Tank-color-Charcoal-Leopard_0867-Edit.jpg?v=1719435822&width=1000,,,One Shoulder Convertible Tank in Melt,,,
,,,,//carbon38.com/cdn/shop/files/CARB-YD562-MOONHEATH-24FAL-Half-Zip-Asymmetrical-Pullover-color-Moonbeam-Heather_8254-Edit.jpg?v=1723585403&width=1000,,,Half Zip Asymmetrical Pullover in Interlock,,,
,,,,//carbon38.com/cdn/shop/files/CARB-YD6117-BLK-24SM-Short-Sleeve-Ruched-Tee-color-Black_63579-Edit.jpg?v=1715815607&width=1000,,,Short Sleeve Ruched Tee,,,
,,,,//carbon38.com/cdn/shop/files/CARB-YD273LP-SNOWLEO-24SM-One-Shoulder-Convertible-Bra-Top-color-Snow-Leopard_63834-Edit_53c0cbf1-5adc-41b1-b398-9c663b0434f3.jpg?v=1717540261&width=1000,,,One Shoulder Convertible Tank in Melt,,,
,,,,//carbon38.com/cdn/shop/files/AVI-P152-24W-WHTWHI-Volley-Zip-Sleeveless-Top-color-White_1403-Edit.jpg?v=1718901491&width=1000,,,Volley Zip Sleeveless Top,,,
,,,,//carbon38.com/cdn/shop/files/BND10296_GARDENIA_Side_1.jpg?v=1731893304&width=1000,,,Classic Logo Terry Hoodie,,,
,,,,//carbon38.com/cdn/shop/files/NORMA-ST2246TEA49951-BLUEBLUDRK-Racer-Tailored-Terry-Tank-Top-color-True-Navy_0120-Edit.jpg?v=1717636022&width=1000,,,Racer Tailored Terry Tank Top,,,
,,,,//carbon38.com/cdn/shop/files/THEU-USW324062-NUDENUDMED-Athena-Knit-Top-color-Natural_0442-Edit.jpg?v=1723598706&width=1000,,,Athena Knit Top,,,
,,,,//carbon38.com/cdn/shop/files/CARB-YD6060-REDAHL-24FAL-Long-Sleeve-Ballet-Wrap-color-Red-Dahlia-13-Edit.jpg?v=1723510446&width=1000,,,Long Sleeve Tie Top in Melt,,,
,,,,//carbon38.com/cdn/shop/files/CARB-YD6066-IVRY-24SS-Slouchy-Knit-Sweater-color-Off-White_33797.jpg?v=1704248143&width=1000,,,Slouchy Knit Sweater,,,
,,,,//carbon38.com/cdn/shop/files/CARB-YD6091-WHT-24SM-Fringe-Mock-Neck-color-White_64253-Edit.jpg?v=1715632399&width=1000,,,Fringe Mock Neck in Melt,,,
,,,,//carbon38.com/cdn/shop/files/CARB-YD615-YLLW-24FAL-Off-Shoulder-Sweatshirt-color-Charlock_7767-Edit.jpg?v=1722375496&width=1000,,,Off Shoulder Sweatshirt in French Terry,,,
,,,,//carbon38.com/cdn/shop/files/CARB-YD640-NVY-22HOL-Wide-Scoop-Bra-Tank-color-Navy-Blazer_20898.jpg?v=1701307246&width=1000,,,Wide Scoop Bra Tank in Melt,,,
,,,,//carbon38.com/cdn/shop/files/CARB-YD6118-BLUE-24FAL-Pullover-Sweatshirt-color-Navy-Blazer_14386-Edit.jpg?v=1724200809&width=1000,,,Pullover Sweatshirt,,,
,,,,//carbon38.com/cdn/shop/files/CARB-YD345-CORNBLU-24FAL-Colorblock-High-Neck-Tank-color-Coronet-Blue-Charlock_7615-Edit.jpg?v=1722550045&width=1000,,,Colorblock High Neck Tank,,,
,,,,//carbon38.com/cdn/shop/files/CARB-YD338-CHARL-24FAL-Strappy-Tank-in-Melt-color-Charlock_20944-Edit.jpg?v=1724344593&width=1000,,,Strappy Tank in Melt,,,
,,,,//carbon38.com/cdn/shop/files/CARB-YD6109-IVRY-24FAL-Mixed-Media-Rugby-Collared-Sweater-color-Ivory_7072-Edit.jpg?v=1724260275&width=1000,,,Mixed Media Rugby Collared Sweater,,,
,,,,//carbon38.com/cdn/shop/files/CARB-YD345-REDAHL-24FAL-Colorblock-High-Neck-Tank-color-Navy-Red-Dahlia35-Edit.jpg?v=1722549887&width=1000,,,Colorblock High Neck Tank,,,
,,,,//carbon38.com/cdn/shop/files/CARB-YD6028-BLUE-23FAL-Long-Sleeve-Off-Shoulder-Tee-color-Navy-Blazer_42723.jpg?v=1692658436&width=1000,,,Long Sleeve Off Shoulder Tee,,,
,,,,//carbon38.com/cdn/shop/files/CARB-YD6060-CHARL-24FAL-Long-Sleeve-Ballet-Wrap-color-Charlock_7800-Edit.jpg?v=1723501484&width=1000,,,Long Sleeve Tie Top in Melt,,,
,,,,//carbon38.com/cdn/shop/files/ADID-IB5528-BLKBLK-aSMC-TruePace-Running-Crop-color-Black_18-Edit.jpg?v=1724098161&width=1000,,,aSMC TruePace Running Crop,,,
,,,,//carbon38.com/cdn/shop/files/CARB-YD6110-IVRY-24FAL-Varsity-Cable-Knit-Cardigan-color-Cream_7346-Edit.jpg?v=1724261264&width=1000,,,Varsity Cable Knit Cardigan,,,
,,,,//carbon38.com/cdn/shop/files/CARB-YD6066R-HTHCRN-24FAL-Wool-Blend-Slouchy-Knit-Sweater-color-Heather-Coronet_7305-Edit.jpg?v=1723596926&width=1000,,,Wool Blend Slouchy Knit Sweater,,,
,,,,//carbon38.com/cdn/shop/files/CARB-YD356-BLK-24SM-Running-Tank-color-Black_7499-Edit.jpg?v=1721083411&width=1000,,,Pleated Running Tank,,,
,,,,//carbon38.com/cdn/shop/files/CARB-YD694-BLUECORNET-24FAL-Short-Sleeve-Off-Shoulder-Sweatshirt-color-Coronet-Blue_7460-Edit.jpg?v=1721863230&width=1000,,,Short Sleeve Off Shoulder Sweatshirt in French Terry,,,
,,,,//carbon38.com/cdn/shop/files/CARB-YD6118-BLK-24SM-Pullover-Sweatshirt-color-Black_0595-Edit_f3887ceb-219e-4491-9682-9126914c5b12.jpg?v=1719270467&width=1000,,,Pullover Sweatshirt,,,
,,,,//carbon38.com/cdn/shop/files/CARB-YD562-BLK-24FAL-Half-Zip-Asymmetrical-Pullover-color-Black_8305-Edit.jpg?v=1723585236&width=1000,,,Half Zip Asymmetrical Pullover in Interlock,,,
,,,,//carbon38.com/cdn/shop/files/CARB-YD6095-BLK-24FAL-Crochet-Off-Shoulder-Sweatshirt-color-Black_11905-Edit.jpg?v=1723227894&width=1000,,,Crochet Off Shoulder Sweater,,,
,,,,//carbon38.com/cdn/shop/files/CARB-YD6060-BURNTSIEN-24FAL-Long-Sleeve-Ballet-Wrap-color-Burnt-Sienna_14201-Edit.jpg?v=1723577846&width=1000,,,Long Sleeve Tie Top in Melt,,,
,,,,//carbon38.com/cdn/shop/files/CARB-YD6108-BLK-MESHSHIRT19-Edit.jpg?v=1724105299&width=1000,,,Collared High Low Tunic,,,
,,,,//carbon38.com/cdn/shop/files/CARB-YD352-BLK-24SM-Fringe-Tank-color-Black_64061-Edit.jpg?v=1715631847&width=1000,,,Fringe Tank in Melt,,,
,,,,//carbon38.com/cdn/shop/files/CARB-YD6060-BLK-24FAL-Long-Sleeve-Ballet-Wrap-color-Black_8392-Edit.jpg?v=1723501303&width=1000,,,Long Sleeve Tie Top in Melt,,,
,,,,//carbon38.com/cdn/shop/files/CARB-YD6111-BLK-24FAL-Sheer-Spliced-Mock-Neck-color-Black_8049-Edit.jpg?v=1724106247&width=1000,,,Sheer Spliced Mock Neck in Melt,,,
,,,,//carbon38.com/cdn/shop/files/CARB-YD6103-BLK-24FAL-Asymmetrical-Sweater-Top-color-Black_1298-Edit.jpg?v=1719879080&width=1000,,,Asymmetrical Sweater Top,,,
,,,,//carbon38.com/cdn/shop/files/CARB-YD6036R-ORNG-24FAL-Cross-Over-Sweater-color-Burnt-Sienna_8425-Edit.jpg?v=1724191277&width=1000,,,Cross Over Sweater,,,
,,,,//carbon38.com/cdn/shop/files/CARB-YD615-BLK-22HOL-Off-Shoulder-Sweatshirt-in-french-terry-color-BLACK_2270-Edit.jpg?v=1729644899&width=1000,,,Off Shoulder Sweatshirt in French Terry,,,
,,,,//carbon38.com/cdn/shop/files/CARB-YD6066R-RED-24FAL-Wool-Blend-Slouchy-Knit-Sweater-color-Red-Dahlia_1766-Edit.jpg?v=1723598315&width=1000,,,Wool Blend Slouchy Knit Sweater,,,
,,,,//carbon38.com/cdn/shop/files/CARB-YD6004T-BLK-23FAL-Tuxedo-Mock-Neck-Top-color-Black_36553.jpg?v=1705437616&width=1000,,,Tuxedo Mock Neck Top,,,
,,,,//carbon38.com/cdn/shop/files/ADID-IW9915-GREYGRYMED-aSMC-CRO-Hoodie-color-Mgreyh_40-Edit.jpg?v=1724100046&width=1000,,,aSMC CRO Hoodie,,,
,,,,//carbon38.com/cdn/shop/files/CARB-YD6118-GREY-24FAL-Pullover-Sweatshirt-color-Heather-Grey_14274-Edit.jpg?v=1724200952&width=1000,,,Pullover Sweatshirt,,,
,,,,//carbon38.com/cdn/shop/files/NORMA-KK1246PLC85944-WHTWHI-NK-Sleeve-Drop-Shoulder-Side-Drape-Top-color-Snow-White_14480-Edit.jpg?v=1723586181&width=1000,,,NK Sleeve Drop Shoulder Side Drape Top,,,
,,,,//carbon38.com/cdn/shop/files/CARB-YD6103-IVRY-24FAL-Asymmetrical-Sweater-Top-color-Ivory_1364-Edit.jpg?v=1719878875&width=1000,,,Asymmetrical Sweater Top,,,
,,,,//carbon38.com/cdn/shop/files/CARB-YD570-BLK-24FAL-Mock-Neck-Corset-Zip-Top-color-Black_8083-Edit.jpg?v=1724108138&width=1000,,,Mock Neck Corset Zip Top in Melt,,,
,,,,//carbon38.com/cdn/shop/files/NORMA-ST3246WSF96944-WHTWHI-Oversized-Raglan-Sleeve-Top-W-Tube-Scarf-color-Snow-White_6228-Edit.jpg?v=1726009707&width=1000,,,Oversized Raglan Sleeve Top W/ Tube Scarf,,,
,,,,//carbon38.com/cdn/shop/files/VARL-VAR01750-GREYGRYMED-Willard-Half-Zip-Knit-2.0-color-Fog_3987-Edit.jpg?v=1724102965&width=1000,,,Willard Half Zip Knit 2.0,,,
,,,,//carbon38.com/cdn/shop/files/VARL-VAR02124-IVRYOFFWHI-Timberley-Half-Zip-Midlayer-color-Cement-Marl_4378-Edit.jpg?v=1724103297&width=1000,,,Timberley Half Zip Midlayer,,,
,,,,//carbon38.com/cdn/shop/files/THEU-USW324104-NUDENUDMED-Castilla-Clara-Knit-Crew-color-Natural_0278-Edit.jpg?v=1727284601&width=1000,,,Castilla Clara Knit Crew,,,
,,,,//carbon38.com/cdn/shop/files/ELSWIV-EIV-SVCARB38LW-IVRYMULTI-Club38-Sweater-Vest-color-Ivory-Navy-Red_21474-Edit.jpg?v=1728080886&width=1000,,,Club38 Sweater Vest,,,
,,,,//carbon38.com/cdn/shop/files/PORT-TOP-CHY-0054-IVRYBRWDRK-Serena-Top-color-Chantilly-Dark-Chocolate-Black_21524-Edit.jpg?v=1728328142&width=1000,,,Serena Top,,,
,,,,//carbon38.com/cdn/shop/files/THEO-T2406K604-BLKBLK-Nomai-Sheer-Sleeve-Mock-Neck-Sweater-color-Black_2800-Edit.jpg?v=1721775313&width=1000,,,Nomai Sheer Sleeve Mock Neck Sweater,,,
,,,,//carbon38.com/cdn/shop/files/CARB-YD570-WHT-24FAL-Mock-Neck-Corset-Zip-Top-color-White_12094-Edit.jpg?v=1724108844&width=1000,,,Mock Neck Corset Zip Top in Melt,,,
,,,,//carbon38.com/cdn/shop/files/CARB-YD6124-BLK-24HOL-Sweater-Shrug-color-Black_28899-Edit.jpg?v=1727870134&width=1000,,,Sweater Shrug,,,
,,,,//carbon38.com/cdn/shop/files/CARB-YD6066R-IVRY-24FAL-Wool-Blend-Slouchy-Knit-Sweater-color-Off-White_24380-Edit.jpg?v=1726083180&width=1000,,,Wool Blend Slouchy Knit Sweater,,,
,,,,//carbon38.com/cdn/shop/files/CARB-YD6036R-BLK-24FAL-Cross-Over-Sweater-color-black4-Edit.jpg?v=1727113882&width=1000,,,Cross Over Sweater,,,
,,,,//carbon38.com/cdn/shop/files/PORT-CRP-BLK-0014-BLKBLK-Crop-Tee-color-Black_21737-Edit.jpg?v=1727291192&width=1000,,,Crop Tee,,,
,,,,//carbon38.com/cdn/shop/files/CARB-YD364-BLK-24HOL-Pearl-Necklace-Tank-color-Black_7363-Edit.jpg?v=1727389959&width=1000,,,Pearl Necklace Sweater Tank,,,
,,,,//carbon38.com/cdn/shop/files/CARB-YD6036R-WHT-24FAL-Cross-Over-Sweater-color-Winter-White_8509-Edit.jpg?v=1724192089&width=1000,,,Cross Over Sweater,,,
,,,,//carbon38.com/cdn/shop/files/CARB-YD6127-BLK-24HOL-Pearl-Sweatshirt-color-Black_22847-Edit.jpg?v=1727388004&width=1000,,,Pearl Sweatshirt,,,
,,,,//carbon38.com/cdn/shop/files/CARB-YD563-BLK-24FAL-Peplum-Zip-Up-color-Black_42-Edit.jpg?v=1723595390&width=1000,,,Peplum Zip Up,,,
,,,,//carbon38.com/cdn/shop/files/CARB-YD6066RS-BLKWHTSTRPE-24HOL-Wool-Blend-Striped-Slouchy-Knit-Sweater-color-Black-White-Stripe_21426-Edit.jpg?v=1727388705&width=1000,,,Wool Blend Slouchy Knit Sweater,,,
,,,,//carbon38.com/cdn/shop/files/CARB-YD570-LAVGRY-24HOL-Mock-Neck-Coreset-Zip-Top-color-Lavender-Grey_23911-Edit.jpg?v=1727798826&width=1000,,,Mock Neck Corset Zip Top in Melt,,,
,,,,//carbon38.com/cdn/shop/files/CARB-YD615-LVNDRGREY-Off-Shoulder-Sweatshirt-color-Lavender-Grey_26582-Edit.jpg?v=1727799782&width=1000,,,Off Shoulder Sweatshirt in French Terry,,,
,,,,//carbon38.com/cdn/shop/files/CARB-YD364-GREY-24HOL-Pearl-Necklace-Tank-color-Lavender-Grey_7318-Edit.jpg?v=1727388962&width=1000,,,Pearl Necklace Sweater Tank,,,
,,,,//carbon38.com/cdn/shop/files/BGFI-54588573-BLUEBLUDRK-Margo2-color-468-Deepest-Navy_28489-Edit.jpg?v=1728578396&width=1000,,,Margo Base Layer,,,
,,,,//carbon38.com/cdn/shop/files/CARB-YD6142-BLK-24HOL-Logo-Sweatshirt-color-Faded-Black_4319-Edit.jpg?v=1733962980&width=1000,,,Sueded Fleece Logo Sweatshirt,,,
,,,,//carbon38.com/cdn/shop/files/CARB-YD6066F-MTLC-24HOL-Metallic-Slouchy-Sweater-color-Silver-Metallic_24331-Edit_022f490a-35d7-435f-923e-3c7f30861da3.jpg?v=1730916968&width=1000,,,Metallic Slouchy Sweater,,,
,,,,//carbon38.com/cdn/shop/files/CARB-YD6146-GREY-24HOL-Raglan-Pullover-in-Velour-color-Charcoal-Grey_28411-Edit.jpg?v=1729720977&width=1000,,,Raglan Pullover in Velour,,,
,,,,//carbon38.com/cdn/shop/files/GOLD-GB31520244-BLK-WHBLK-Fatale-Long-Sleeve-Tee-color-BLACK_26075-Edit.jpg?v=1729122071&width=1000,,,Fatale Long Sleeve Tee,,,
,,,,//carbon38.com/cdn/shop/files/GOLD-GB30623244-BLKBLK-Louise-Ski-Pully-color-BLACK_25691-Edit.jpg?v=1729124625&width=1000,,,Louise Ski Pully,,,
,,,,//carbon38.com/cdn/shop/files/THEU-USW424124-MULTIMULTI-Vaill-Boo-Sweater-color-Natural_29274-Edit.jpg?v=1729806927&width=1000,,,Vail Boo Sweater,,,
,,,,//carbon38.com/cdn/shop/files/KRRNL-KR24-4263-IVRYMULTI-Suzanne-Just-Add-Love-Cashmere-Cardigan-color-Soft-Taupe-Multi_0818-Edit.jpg?v=1732210764&width=1000,,,Suzanne Just Add Love Cashmere Cardigan,,,
,,,,//carbon38.com/cdn/shop/files/GOLD-GB30028244-BLUEBLUDRK-Diane-Ski-Pully-color-French-Blue_25831-Edit.jpg?v=1729124855&width=1000,,,Diane Ski Pully,,,
,,,,//carbon38.com/cdn/shop/files/BEAC-BR46707R4-BLUBLU-OLYMPIA-TOP-color-alps-blue_1832-Edit.jpg?v=1732650192&width=1000,,,Olympia Top,,,
,,,,//carbon38.com/cdn/shop/files/FPMVMT-OB1821208-REDREDMED-Moonlight-Base-Layer-Long-Sleeve-color-6600-Winterberry_23467-Edit.jpg?v=1730397842&width=1000,,,Moonlight Base Layer Long Sleeve,,,
,,,,//carbon38.com/cdn/shop/files/PERF-W3001100-BLKWHI-Carving-Air-Sweater-color-Black-Snow-White_6404-Edit.jpg?v=1728592444&width=1000,,,Carving Merino Wool Sweater,,,
,,,,//carbon38.com/cdn/shop/files/FPMVMT-OB1371605-PRNTABSREDDRK-Rocky-Ridge-Pullover-color-4166-Red-Orange_23572-Edit.jpg?v=1730393520&width=1000,,,Rocky Ridge Pullover,,,
,,,,//carbon38.com/cdn/shop/files/MDLT-AW24C06_BURGUNDY-REDREDDRK-Monroe-Cardigan-color-Burgundy_6092-Edit.jpg?v=1731545311&width=1000,,,Monroe Cashmere Cardigan,,,
,,,,//carbon38.com/cdn/shop/files/PERF-W3001252-PRNTABSREDDRK-Holiday-Roll-Neck-color-Red-White_5531-Edit.jpg?v=1733450278&width=1000,,,Holiday Roll Neck,,,
,,,,//carbon38.com/cdn/shop/files/CARB-YD615F-RED-24HOL-Off-Shoulder-Sweatshirt-color-Crimson-Red_0236-Edit.jpg?v=1730336489&width=1000,,,Off Shoulder Sweatshirt in French Terry,,,
,,,,//carbon38.com/cdn/shop/files/KRRNL-KR24-4261-ORNGORNGNEO-Troy-Cable-Sweater-color-Mars-Orange_30740-Edit.jpg?v=1728594685&width=1000,,,Troy Cable Sweater,,,
,,,,//carbon38.com/cdn/shop/files/CARB-YD658M-CRIMSONRED-24HOL-Long-Sleeve-Wrap-Top-color-Crimson-Red_4818-Edit.jpg?v=1733276138&width=1000,,,Long Sleeve Wrap Top in Melt,,,
,,,,//carbon38.com/cdn/shop/files/KRRNL-KR24-4222-IVRYMULTI-Alaina-Stripe-Duster-color-Off-White-Multi_30803-Edit.jpg?v=1728594857&width=1000,,,Alaina Stripe Duster,,,
,,,,//carbon38.com/cdn/shop/files/GOLD-GB32220244-IVRYOFFWHI-Vivienne-Ski-Pully-color-CREAM_25560-Edit.jpg?v=1729121682&width=1000,,,Vivienne Ski Pully,,,
,,,,//carbon38.com/cdn/shop/files/PERF-W3001118-MULTIMULTI-Perfect-is-Active-Tee-color-Dede-Ski-Print_5428-Edit.jpg?v=1733449892&width=1000,,,Perfect Active Tee,,,
,,,,//carbon38.com/cdn/shop/files/CARB-YD615-WHT-24HOL-Peplum-Zip-Up-color-Cream_5211-Edit.jpg?v=1733951620&width=1000,,,Peplum Zip Up,,,
,,,,//carbon38.com/cdn/shop/files/MICH-CASW34-IVRYOFFWHI-Carve-Hoodie-color-Ivory_1777-Edit.jpg?v=1730161214&width=1000,,,Carve Hoodie,,,
,,,,//carbon38.com/cdn/shop/files/CARB-YD6123-WHT-24HOL-Melt-Long-Sleeve-Top-color-White_21299-Edit.jpg?v=1727391232&width=1000,,,Long Sleeve Crew Neck in Melt,,,
,,,,//carbon38.com/cdn/shop/files/CARB-YD6142-BRWN-24HOL-Logo-Sweatshirt-color-Toffee_1357-Edit.jpg?v=1733963370&width=1000,,,Sueded Fleece Logo Sweatshirt,,,
,,,,//carbon38.com/cdn/shop/files/NORMA-ST4246TEE48823-BRWNBRWDRK-OVERSIZED-RAGLAN-SLEEVE-CROPPED-TOP-color-ESPRESSO_3679-Edit.jpg?v=1731635642&width=1000,,,Oversized Raglan Sleeve Cropped Top,,,
,,,,//carbon38.com/cdn/shop/files/NORMA-ST424BMSC67823-BRWNBRWDRK-Super-Oversized-BF-NK-Shirt-Boydsuit-W-Bow-color-Espresso4-Edit.jpg?v=1731350631&width=1000,,,Super Oversized BF NK Shirt Bodysuit W/ Bow,,,
,,,,//carbon38.com/cdn/shop/files/CARB-YD615F-PONDPINE-23FAL-Off-Shoulder-Sweatshirt-in-french-terry-color-Ponderosa-Pine_1574.jpg?v=1689888562&width=1000,,,Off Shoulder Sweatshirt in French Terry,,,
,,,,//carbon38.com/cdn/shop/files/CARB-YD338-GRN-24HOL-Strappy-Tank-in-Melt-color-Ponderosa-Pine_7210-Edit_90f96899-17f9-48a5-bd3e-209e13b61fa6.jpg?v=1729116715&width=1000,,,Strappy Tank in Melt,,,
,,,,//carbon38.com/cdn/shop/files/MICH-SWSW33-BLKBLK-Sway-Hoodie-color-Black_1605-Edit.jpg?v=1730161388&width=1000,,,Sway Hoodie,,,
,,,,//carbon38.com/cdn/shop/files/CARB-YD6123-GRN-24HOL-Longsleeve-Crewneck-in-Melt-color-Ponderosa-Pine_7268-Edit.jpg?v=1729102855&width=1000,,,Long Sleeve Crew Neck in Melt,,,
,,,,//carbon38.com/cdn/shop/files/CARB-YD6123-BLK-24HOL-Melt-Long-Sleeve-Top-color-Black_21222-Edit.jpg?v=1727391492&width=1000,,,Long Sleeve Crew Neck in Melt,,,
,,,,//carbon38.com/cdn/shop/files/NORMA-ST424BVE183001-BLKBLK-Super-Oversized-Boyfriend-NK-Shirt-Bodysuit-color-Black_0117-Edit.jpg?v=1731350797&width=1000,,,Super Oversized Boyfriend NK Shirt Bodysuit,,,
,,,,//carbon38.com/cdn/shop/files/CARB-YD6134-BLK-24HOL-Rosette-Longline-Sweater-color-Black_0294-Edit.jpg?v=1730308475&width=1000,,,Rosette Longline Sweater,,,
,,,,//carbon38.com/cdn/shop/files/KRRNL-KR24-3369-GREYGRNMED-Benton-Best-Day-Every-Sweater-color-Silver-Fox-Silver_0907-Edit.jpg?v=1732210552&width=1000,,,Benton Best Day Ever Sweater,,,
,,,,//carbon38.com/cdn/shop/files/ELSWIV-EIV-OCMARPLW-IVRYOFFWHI-Olivia-Crewneck-Sweater-color-Off-White_0604-Edit.jpg?v=1732211144&width=1000,,,Olivia Martini Crewneck Sweater,,,
